{
  "id": "993865",
  "name": "CRMEB 商城图标",
  "font_family": "iconfont",
  "css_prefix_text": "icon-",
  "description": "外包项目图标添加",
  "glyphs": [
    {
      "icon_id": "28009509",
      "name": "邀请好友",
      "font_class": "yaoqinghaoyou",
      "unicode": "e7d0",
      "unicode_decimal": 59344
    },
    {
      "icon_id": "28009480",
      "name": "佣金排行",
      "font_class": "yongjinpaihang",
      "unicode": "e7cb",
      "unicode_decimal": 59339
    },
    {
      "icon_id": "28009481",
      "name": "推广人排行",
      "font_class": "tuiguangrenpaihang",
      "unicode": "e7cf",
      "unicode_decimal": 59343
    },
    {
      "icon_id": "28009335",
      "name": "密码图标",
      "font_class": "mimatubiao",
      "unicode": "e7ca",
      "unicode_decimal": 59338
    },
    {
      "icon_id": "28009301",
      "name": "限时",
      "font_class": "xianshi",
      "unicode": "e7cc",
      "unicode_decimal": 59340
    },
    {
      "icon_id": "28009302",
      "name": "折扣价",
      "font_class": "zhekoujia",
      "unicode": "e7cd",
      "unicode_decimal": 59341
    },
    {
      "icon_id": "28009303",
      "name": "猪",
      "font_class": "zhu",
      "unicode": "e7ce",
      "unicode_decimal": 59342
    },
    {
      "icon_id": "28004089",
      "name": "未赞",
      "font_class": "weizan",
      "unicode": "e7c7",
      "unicode_decimal": 59335
    },
    {
      "icon_id": "28004090",
      "name": "赞",
      "font_class": "zan",
      "unicode": "e7c8",
      "unicode_decimal": 59336
    },
    {
      "icon_id": "28004094",
      "name": "评论",
      "font_class": "pinglun1",
      "unicode": "e7c9",
      "unicode_decimal": 59337
    },
    {
      "icon_id": "27933388",
      "name": "勾",
      "font_class": "gou1",
      "unicode": "e7c6",
      "unicode_decimal": 59334
    },
    {
      "icon_id": "27284184",
      "name": "版权",
      "font_class": "banquan",
      "unicode": "e7c2",
      "unicode_decimal": 59330
    },
    {
      "icon_id": "27284185",
      "name": "更新时间",
      "font_class": "gengxinshijian",
      "unicode": "e7c3",
      "unicode_decimal": 59331
    },
    {
      "icon_id": "27284186",
      "name": "下载量",
      "font_class": "xiazailiang",
      "unicode": "e7c4",
      "unicode_decimal": 59332
    },
    {
      "icon_id": "27284187",
      "name": "文件大小",
      "font_class": "wenjiandaxiao",
      "unicode": "e7c5",
      "unicode_decimal": 59333
    },
    {
      "icon_id": "27284179",
      "name": "地址",
      "font_class": "dizhi1",
      "unicode": "e7bd",
      "unicode_decimal": 59325
    },
    {
      "icon_id": "27284180",
      "name": "国家高新企业",
      "font_class": "guojiagaoxinqiye",
      "unicode": "e7be",
      "unicode_decimal": 59326
    },
    {
      "icon_id": "27284181",
      "name": "已收藏",
      "font_class": "yishoucang1",
      "unicode": "e7bf",
      "unicode_decimal": 59327
    },
    {
      "icon_id": "27284182",
      "name": "文档",
      "font_class": "wendang",
      "unicode": "e7c0",
      "unicode_decimal": 59328
    },
    {
      "icon_id": "27284183",
      "name": "收藏本站",
      "font_class": "shoucangbenzhan1",
      "unicode": "e7c1",
      "unicode_decimal": 59329
    },
    {
      "icon_id": "26822488",
      "name": "分类",
      "font_class": "fenlei3",
      "unicode": "e7bc",
      "unicode_decimal": 59324
    },
    {
      "icon_id": "26778783",
      "name": "审核未通过",
      "font_class": "shenheweitongguo",
      "unicode": "e7b9",
      "unicode_decimal": 59321
    },
    {
      "icon_id": "26778784",
      "name": "审核通过",
      "font_class": "shenhetongguo",
      "unicode": "e7ba",
      "unicode_decimal": 59322
    },
    {
      "icon_id": "26778785",
      "name": "待审核",
      "font_class": "daishenhe",
      "unicode": "e7bb",
      "unicode_decimal": 59323
    },
    {
      "icon_id": "25889622",
      "name": "首发新品",
      "font_class": "shoufaxinpin",
      "unicode": "e7b8",
      "unicode_decimal": 59320
    },
    {
      "icon_id": "25889479",
      "name": "促销单品",
      "font_class": "cuxiaodanpin",
      "unicode": "e7b7",
      "unicode_decimal": 59319
    },
    {
      "icon_id": "25887283",
      "name": "精品推荐",
      "font_class": "jingpintuijian1",
      "unicode": "e7b5",
      "unicode_decimal": 59317
    },
    {
      "icon_id": "25887284",
      "name": "排行榜",
      "font_class": "paihangbang",
      "unicode": "e7b6",
      "unicode_decimal": 59318
    },
    {
      "icon_id": "25623232",
      "name": "已点赞",
      "font_class": "yidianzan",
      "unicode": "e7b4",
      "unicode_decimal": 59316
    },
    {
      "icon_id": "25620498",
      "name": "点赞",
      "font_class": "dianzan1",
      "unicode": "e7b3",
      "unicode_decimal": 59315
    },
    {
      "icon_id": "25537288",
      "name": "好友代支付",
      "font_class": "haoyoudaizhifu",
      "unicode": "e7b2",
      "unicode_decimal": 59314
    },
    {
      "icon_id": "25190279",
      "name": "宝贝链接",
      "font_class": "baobeilianjie",
      "unicode": "e7b0",
      "unicode_decimal": 59312
    },
    {
      "icon_id": "25190280",
      "name": "参与话题",
      "font_class": "canyuhuati",
      "unicode": "e7b1",
      "unicode_decimal": 59313
    },
    {
      "icon_id": "25154953",
      "name": "点赞",
      "font_class": "dianzan",
      "unicode": "e7ac",
      "unicode_decimal": 59308
    },
    {
      "icon_id": "25154954",
      "name": "评论",
      "font_class": "pinglun",
      "unicode": "e7ad",
      "unicode_decimal": 59309
    },
    {
      "icon_id": "25154955",
      "name": "分享",
      "font_class": "fenxiang2",
      "unicode": "e7ae",
      "unicode_decimal": 59310
    },
    {
      "icon_id": "25154956",
      "name": "发布",
      "font_class": "fabu",
      "unicode": "e7af",
      "unicode_decimal": 59311
    },
    {
      "icon_id": "24635224",
      "name": "更多",
      "font_class": "gengduo5",
      "unicode": "e7ab",
      "unicode_decimal": 59307
    },
    {
      "icon_id": "24633362",
      "name": "返回",
      "font_class": "fanhui2",
      "unicode": "e7a9",
      "unicode_decimal": 59305
    },
    {
      "icon_id": "24633363",
      "name": "砍价列表",
      "font_class": "kanjialiebiao",
      "unicode": "e7aa",
      "unicode_decimal": 59306
    },
    {
      "icon_id": "24556663",
      "name": "虚拟商品",
      "font_class": "xunishangpin",
      "unicode": "e7a8",
      "unicode_decimal": 59304
    },
    {
      "icon_id": "24401953",
      "name": "订单列表",
      "font_class": "dingdanliebiao",
      "unicode": "e7a6",
      "unicode_decimal": 59302
    },
    {
      "icon_id": "24401954",
      "name": "数据统计",
      "font_class": "shujutongji1",
      "unicode": "e7a7",
      "unicode_decimal": 59303
    },
    {
      "icon_id": "24391637",
      "name": "搜索",
      "font_class": "sousuo7",
      "unicode": "e7a5",
      "unicode_decimal": 59301
    },
    {
      "icon_id": "24390931",
      "name": "直播中",
      "font_class": "zhibozhong1",
      "unicode": "e7a4",
      "unicode_decimal": 59300
    },
    {
      "icon_id": "24390779",
      "name": "优惠券实色背景",
      "font_class": "youhuiquanshisebeijing",
      "unicode": "e7a2",
      "unicode_decimal": 59298
    },
    {
      "icon_id": "24390780",
      "name": "优惠券透明背景",
      "font_class": "youhuiquantoumingbeijing",
      "unicode": "e7a3",
      "unicode_decimal": 59299
    },
    {
      "icon_id": "24376438",
      "name": "预售按钮",
      "font_class": "yushouanniu",
      "unicode": "e7a1",
      "unicode_decimal": 59297
    },
    {
      "icon_id": "24323253",
      "name": "更多",
      "font_class": "gengduo4",
      "unicode": "e7a0",
      "unicode_decimal": 59296
    },
    {
      "icon_id": "24323151",
      "name": "搜索",
      "font_class": "sousuo6",
      "unicode": "e79b",
      "unicode_decimal": 59291
    },
    {
      "icon_id": "24323152",
      "name": "个人中心",
      "font_class": "gerenzhongxin1",
      "unicode": "e79c",
      "unicode_decimal": 59292
    },
    {
      "icon_id": "24323153",
      "name": "收藏",
      "font_class": "shoucang3",
      "unicode": "e79d",
      "unicode_decimal": 59293
    },
    {
      "icon_id": "24323154",
      "name": "首页",
      "font_class": "shouye8",
      "unicode": "e79e",
      "unicode_decimal": 59294
    },
    {
      "icon_id": "24323155",
      "name": "购物车",
      "font_class": "gouwuche7",
      "unicode": "e79f",
      "unicode_decimal": 59295
    },
    {
      "icon_id": "24038801",
      "name": "复制口令",
      "font_class": "fuzhikouling1",
      "unicode": "e79a",
      "unicode_decimal": 59290
    },
    {
      "icon_id": "23938915",
      "name": "专场",
      "font_class": "zhuanti",
      "unicode": "e799",
      "unicode_decimal": 59289
    },
    {
      "icon_id": "23780401",
      "name": "代付款-3",
      "font_class": "daifukuan-3",
      "unicode": "e794",
      "unicode_decimal": 59284
    },
    {
      "icon_id": "23780402",
      "name": "售后-退款-3",
      "font_class": "shouhou-tuikuan-3",
      "unicode": "e795",
      "unicode_decimal": 59285
    },
    {
      "icon_id": "23780403",
      "name": "待评价-3",
      "font_class": "daipingjia-3",
      "unicode": "e796",
      "unicode_decimal": 59286
    },
    {
      "icon_id": "23780404",
      "name": "待发货-3",
      "font_class": "daifahuo-3",
      "unicode": "e797",
      "unicode_decimal": 59287
    },
    {
      "icon_id": "23780405",
      "name": "全部订单-3",
      "font_class": "quanbudingdan-3",
      "unicode": "e798",
      "unicode_decimal": 59288
    },
    {
      "icon_id": "23778557",
      "name": "待发货-2",
      "font_class": "daifahuo-2",
      "unicode": "e78e",
      "unicode_decimal": 59278
    },
    {
      "icon_id": "23778558",
      "name": "待收货-2",
      "font_class": "daishouhuo-2",
      "unicode": "e78f",
      "unicode_decimal": 59279
    },
    {
      "icon_id": "23778559",
      "name": "待评价-2",
      "font_class": "daipingjia-2",
      "unicode": "e791",
      "unicode_decimal": 59281
    },
    {
      "icon_id": "23778560",
      "name": "售后-退款-2",
      "font_class": "shouhou-tuikuan-2",
      "unicode": "e792",
      "unicode_decimal": 59282
    },
    {
      "icon_id": "23778561",
      "name": "代付款-2",
      "font_class": "daifukuan-2",
      "unicode": "e793",
      "unicode_decimal": 59283
    },
    {
      "icon_id": "23453683",
      "name": "多商户pc-说明弹窗",
      "font_class": "duoshanghupc-shuomingdanchuang",
      "unicode": "e78b",
      "unicode_decimal": 59275
    },
    {
      "icon_id": "23453684",
      "name": "多商户pc-到货通知",
      "font_class": "duoshanghupc-daohuotongzhi",
      "unicode": "e78c",
      "unicode_decimal": 59276
    },
    {
      "icon_id": "23453685",
      "name": "多商户pc-保障",
      "font_class": "duoshanghupc-baozhang",
      "unicode": "e78d",
      "unicode_decimal": 59277
    },
    {
      "icon_id": "23433761",
      "name": "店铺",
      "font_class": "dianpu",
      "unicode": "e78a",
      "unicode_decimal": 59274
    },
    {
      "icon_id": "23226659",
      "name": "等级图标",
      "font_class": "dengjitubiao",
      "unicode": "e789",
      "unicode_decimal": 59273
    },
    {
      "icon_id": "23142904",
      "name": "待发货-新个人中心",
      "font_class": "daifahuo-xingerenzhongxin",
      "unicode": "e782",
      "unicode_decimal": 59266
    },
    {
      "icon_id": "23142905",
      "name": "二维码-新个人中心",
      "font_class": "erweima-xingerenzhongxin",
      "unicode": "e783",
      "unicode_decimal": 59267
    },
    {
      "icon_id": "23142906",
      "name": "全部订单-新个人中心",
      "font_class": "quanbudingdan-xingerenzhongxin",
      "unicode": "e784",
      "unicode_decimal": 59268
    },
    {
      "icon_id": "23142907",
      "name": "消息-新个人中心",
      "font_class": "xiaoxi-xingerenzhongxin",
      "unicode": "e785",
      "unicode_decimal": 59269
    },
    {
      "icon_id": "23142908",
      "name": "待评价-新个人中心",
      "font_class": "daipingjia-xingerenzhongxin",
      "unicode": "e786",
      "unicode_decimal": 59270
    },
    {
      "icon_id": "23142909",
      "name": "售后:退款-新个人中心",
      "font_class": "a-shouhoutuikuan-xingerenzhongxin",
      "unicode": "e787",
      "unicode_decimal": 59271
    },
    {
      "icon_id": "23142910",
      "name": "待付款-新个人中心",
      "font_class": "daifukuan-xingerenzhongxin",
      "unicode": "e788",
      "unicode_decimal": 59272
    },
    {
      "icon_id": "23025336",
      "name": "发票",
      "font_class": "fapiao2",
      "unicode": "e781",
      "unicode_decimal": 59265
    },
    {
      "icon_id": "23018738",
      "name": "售后-退款-蓝",
      "font_class": "shouhou-tuikuan-lan",
      "unicode": "e77c",
      "unicode_decimal": 59260
    },
    {
      "icon_id": "23018739",
      "name": "待评价-蓝",
      "font_class": "daipingjia-lan",
      "unicode": "e780",
      "unicode_decimal": 59264
    },
    {
      "icon_id": "23018716",
      "name": "待收货-蓝",
      "font_class": "daishouhuo-lan",
      "unicode": "e77d",
      "unicode_decimal": 59261
    },
    {
      "icon_id": "23018717",
      "name": "代付款-蓝",
      "font_class": "daifukuan-lan",
      "unicode": "e77e",
      "unicode_decimal": 59262
    },
    {
      "icon_id": "23018718",
      "name": "待发货-蓝",
      "font_class": "daifahuo-lan",
      "unicode": "e77f",
      "unicode_decimal": 59263
    },
    {
      "icon_id": "23018675",
      "name": "待发货-橘",
      "font_class": "daifahuo-ju",
      "unicode": "e777",
      "unicode_decimal": 59255
    },
    {
      "icon_id": "23018676",
      "name": "待付款-橘",
      "font_class": "daifukuan-ju",
      "unicode": "e778",
      "unicode_decimal": 59256
    },
    {
      "icon_id": "23018677",
      "name": "待收货-橘",
      "font_class": "daishouhuo-ju",
      "unicode": "e779",
      "unicode_decimal": 59257
    },
    {
      "icon_id": "23018678",
      "name": "售后-退款-橘",
      "font_class": "shouhou-tuikuan-ju",
      "unicode": "e77a",
      "unicode_decimal": 59258
    },
    {
      "icon_id": "23018679",
      "name": "待评价-橘",
      "font_class": "daipingjia-ju",
      "unicode": "e77b",
      "unicode_decimal": 59259
    },
    {
      "icon_id": "23018598",
      "name": "待收货-粉",
      "font_class": "daishouhuo-fen",
      "unicode": "e772",
      "unicode_decimal": 59250
    },
    {
      "icon_id": "23018599",
      "name": "待评价-粉",
      "font_class": "daipingjia-fen",
      "unicode": "e773",
      "unicode_decimal": 59251
    },
    {
      "icon_id": "23018600",
      "name": "代付款-粉",
      "font_class": "daifukuan-fen",
      "unicode": "e774",
      "unicode_decimal": 59252
    },
    {
      "icon_id": "23018601",
      "name": "售后:退款-粉",
      "font_class": "a-shouhoutuikuan-fen",
      "unicode": "e775",
      "unicode_decimal": 59253
    },
    {
      "icon_id": "23018602",
      "name": "待发货-粉",
      "font_class": "daifahuo-fen",
      "unicode": "e776",
      "unicode_decimal": 59254
    },
    {
      "icon_id": "23018522",
      "name": "待发货-绿",
      "font_class": "daifahuo-lv",
      "unicode": "e768",
      "unicode_decimal": 59240
    },
    {
      "icon_id": "23018523",
      "name": "售后-退款-绿",
      "font_class": "shouhou-tuikuan-lv",
      "unicode": "e76a",
      "unicode_decimal": 59242
    },
    {
      "icon_id": "23018524",
      "name": "代付款-绿",
      "font_class": "daifukuan-lv",
      "unicode": "e76d",
      "unicode_decimal": 59245
    },
    {
      "icon_id": "23018525",
      "name": "待收货-绿",
      "font_class": "daishouhuo-lv",
      "unicode": "e770",
      "unicode_decimal": 59248
    },
    {
      "icon_id": "23018526",
      "name": "待评价-绿",
      "font_class": "daipingjia-lv",
      "unicode": "e771",
      "unicode_decimal": 59249
    },
    {
      "icon_id": "22912184",
      "name": "待收货",
      "font_class": "daishouhuo",
      "unicode": "e75d",
      "unicode_decimal": 59229
    },
    {
      "icon_id": "22912185",
      "name": "待评价",
      "font_class": "daipingjia",
      "unicode": "e75e",
      "unicode_decimal": 59230
    },
    {
      "icon_id": "22912186",
      "name": "待发货",
      "font_class": "daifahuo",
      "unicode": "e760",
      "unicode_decimal": 59232
    },
    {
      "icon_id": "22912187",
      "name": "待付款",
      "font_class": "daifukuan",
      "unicode": "e766",
      "unicode_decimal": 59238
    },
    {
      "icon_id": "22912188",
      "name": "售后:退款",
      "font_class": "a-shouhoutuikuan",
      "unicode": "e767",
      "unicode_decimal": 59239
    },
    {
      "icon_id": "22897249",
      "name": "购物车-样式1",
      "font_class": "gouwuche-yangshi1",
      "unicode": "e75b",
      "unicode_decimal": 59227
    },
    {
      "icon_id": "22897250",
      "name": "购物车-样式2",
      "font_class": "gouwuche-yangshi2",
      "unicode": "e75c",
      "unicode_decimal": 59228
    },
    {
      "icon_id": "22753020",
      "name": "日历图标",
      "font_class": "rilitubiao",
      "unicode": "e75a",
      "unicode_decimal": 59226
    },
    {
      "icon_id": "22625321",
      "name": "提示",
      "font_class": "tishi1",
      "unicode": "e759",
      "unicode_decimal": 59225
    },
    {
      "icon_id": "22332103",
      "name": "待退货",
      "font_class": "daituihuo1",
      "unicode": "e752",
      "unicode_decimal": 59218
    },
    {
      "icon_id": "22332104",
      "name": "申请中",
      "font_class": "shenqingzhong",
      "unicode": "e756",
      "unicode_decimal": 59222
    },
    {
      "icon_id": "22028919",
      "name": "返佣",
      "font_class": "fanyong",
      "unicode": "e74d",
      "unicode_decimal": 59213
    },
    {
      "icon_id": "8991273",
      "name": "资质证件",
      "font_class": "zizhizhengjian",
      "unicode": "e743",
      "unicode_decimal": 59203
    },
    {
      "icon_id": "21903923",
      "name": "分销等级",
      "font_class": "fenxiaodengji",
      "unicode": "e742",
      "unicode_decimal": 59202
    },
    {
      "icon_id": "6463462",
      "name": "已拒绝",
      "font_class": "yijujue",
      "unicode": "e741",
      "unicode_decimal": 59201
    },
    {
      "icon_id": "10987569",
      "name": "退款中",
      "font_class": "tuikuanzhong1",
      "unicode": "e803",
      "unicode_decimal": 59395
    },
    {
      "icon_id": "10987570",
      "name": "退款失败",
      "font_class": "tuikuanshibai",
      "unicode": "e804",
      "unicode_decimal": 59396
    },
    {
      "icon_id": "10987571",
      "name": "退款成功",
      "font_class": "tuikuanchenggong",
      "unicode": "e805",
      "unicode_decimal": 59397
    },
    {
      "icon_id": "15693084",
      "name": "退款中",
      "font_class": "tuikuanzhong11",
      "unicode": "e744",
      "unicode_decimal": 59204
    },
    {
      "icon_id": "17966686",
      "name": "已完成",
      "font_class": "yiwancheng",
      "unicode": "e745",
      "unicode_decimal": 59205
    },
    {
      "icon_id": "18943158",
      "name": "已退款",
      "font_class": "yituikuan1",
      "unicode": "e747",
      "unicode_decimal": 59207
    },
    {
      "icon_id": "12157701",
      "name": "退款",
      "font_class": "tuikuan1",
      "unicode": "e73a",
      "unicode_decimal": 59194
    },
    {
      "icon_id": "15647652",
      "name": "退货",
      "font_class": "tuihuo",
      "unicode": "e73c",
      "unicode_decimal": 59196
    },
    {
      "icon_id": "18998149",
      "name": "审核",
      "font_class": "shenhe",
      "unicode": "e73d",
      "unicode_decimal": 59197
    },
    {
      "icon_id": "20174701",
      "name": "上传图片",
      "font_class": "shangchuantupian1",
      "unicode": "e755",
      "unicode_decimal": 59221
    },
    {
      "icon_id": "18303420",
      "name": "首页",
      "font_class": "shouye7",
      "unicode": "e863",
      "unicode_decimal": 59491
    },
    {
      "icon_id": "21201608",
      "name": "省钱",
      "font_class": "shengqian",
      "unicode": "e738",
      "unicode_decimal": 59192
    },
    {
      "icon_id": "21151646",
      "name": "笑脸",
      "font_class": "xiaolian1",
      "unicode": "e737",
      "unicode_decimal": 59191
    },
    {
      "icon_id": "21117815",
      "name": "放大",
      "font_class": "fangda",
      "unicode": "e736",
      "unicode_decimal": 59190
    },
    {
      "icon_id": "20747594",
      "name": "点击抽奖",
      "font_class": "dianjichoujiang",
      "unicode": "e730",
      "unicode_decimal": 59184
    },
    {
      "icon_id": "20350243",
      "name": "7纪念版",
      "font_class": "7jinianban",
      "unicode": "e76f",
      "unicode_decimal": 59247
    },
    {
      "icon_id": "20171836",
      "name": "领取优惠券按钮",
      "font_class": "lingquyouhuiquananniu",
      "unicode": "e72e",
      "unicode_decimal": 59182
    },
    {
      "icon_id": "20171837",
      "name": "签到成功按钮",
      "font_class": "qiandaochenggonganniu",
      "unicode": "e72f",
      "unicode_decimal": 59183
    },
    {
      "icon_id": "19661507",
      "name": "s-限时秒杀",
      "font_class": "s-xianshimiaosha",
      "unicode": "e727",
      "unicode_decimal": 59175
    },
    {
      "icon_id": "19661413",
      "name": "s-拼团",
      "font_class": "s-pintuan1",
      "unicode": "e726",
      "unicode_decimal": 59174
    },
    {
      "icon_id": "19661415",
      "name": "s-砍价",
      "font_class": "s-kanjia1",
      "unicode": "e72d",
      "unicode_decimal": 59181
    },
    {
      "icon_id": "19602319",
      "name": "s-苹果",
      "font_class": "s-pingguo",
      "unicode": "e722",
      "unicode_decimal": 59170
    },
    {
      "icon_id": "19443429",
      "name": "s-微信登录",
      "font_class": "s-weixindenglu1",
      "unicode": "e729",
      "unicode_decimal": 59177
    },
    {
      "icon_id": "19443430",
      "name": "s-验证码登录",
      "font_class": "s-yanzhengmadenglu1",
      "unicode": "e72a",
      "unicode_decimal": 59178
    },
    {
      "icon_id": "19443431",
      "name": "s-密码登录",
      "font_class": "s-mimadenglu1",
      "unicode": "e72b",
      "unicode_decimal": 59179
    },
    {
      "icon_id": "19440627",
      "name": "s-验证码",
      "font_class": "s-yanzhengma",
      "unicode": "e728",
      "unicode_decimal": 59176
    },
    {
      "icon_id": "19266197",
      "name": "朋友圈",
      "font_class": "pengyouquan",
      "unicode": "e76e",
      "unicode_decimal": 59246
    },
    {
      "icon_id": "19166528",
      "name": "积分中心",
      "font_class": "jifenzhongxin",
      "unicode": "e71f",
      "unicode_decimal": 59167
    },
    {
      "icon_id": "19166486",
      "name": "s-充值记录",
      "font_class": "s-chongzhijilu",
      "unicode": "e71c",
      "unicode_decimal": 59164
    },
    {
      "icon_id": "19166487",
      "name": "s-消费记录",
      "font_class": "s-xiaofeijilu",
      "unicode": "e71e",
      "unicode_decimal": 59166
    },
    {
      "icon_id": "19166489",
      "name": "s-账单记录",
      "font_class": "s-zhangdanjilu",
      "unicode": "e720",
      "unicode_decimal": 59168
    },
    {
      "icon_id": "19102715",
      "name": "s-客服",
      "font_class": "s-kefu",
      "unicode": "e721",
      "unicode_decimal": 59169
    },
    {
      "icon_id": "19061404",
      "name": "s-编辑",
      "font_class": "s-bianji",
      "unicode": "e71d",
      "unicode_decimal": 59165
    },
    {
      "icon_id": "18819977",
      "name": "s-拼团",
      "font_class": "s-pintuan",
      "unicode": "e719",
      "unicode_decimal": 59161
    },
    {
      "icon_id": "18819765",
      "name": "s-砍价",
      "font_class": "s-kanjia",
      "unicode": "e71a",
      "unicode_decimal": 59162
    },
    {
      "icon_id": "18819954",
      "name": "s-秒杀",
      "font_class": "s-miaosha",
      "unicode": "e71b",
      "unicode_decimal": 59163
    },
    {
      "icon_id": "18623908",
      "name": "返回",
      "font_class": "fanhui1",
      "unicode": "e718",
      "unicode_decimal": 59160
    },
    {
      "icon_id": "18565428",
      "name": "客服",
      "font_class": "kefu3",
      "unicode": "e716",
      "unicode_decimal": 59158
    },
    {
      "icon_id": "18565429",
      "name": "首页",
      "font_class": "shouye6",
      "unicode": "e717",
      "unicode_decimal": 59159
    },
    {
      "icon_id": "18497357",
      "name": "查看地图",
      "font_class": "chakanditu",
      "unicode": "e715",
      "unicode_decimal": 59157
    },
    {
      "icon_id": "18398022",
      "name": "好物圈",
      "font_class": "haowuquan1",
      "unicode": "e713",
      "unicode_decimal": 59155
    },
    {
      "icon_id": "9720361",
      "name": "好物圈",
      "font_class": "haowuquan",
      "unicode": "e712",
      "unicode_decimal": 59154
    },
    {
      "icon_id": "18241349",
      "name": "更多展开",
      "font_class": "gengduozhankai1",
      "unicode": "e70e",
      "unicode_decimal": 59150
    },
    {
      "icon_id": "18241350",
      "name": "表情",
      "font_class": "biaoqing2",
      "unicode": "e70f",
      "unicode_decimal": 59151
    },
    {
      "icon_id": "18241351",
      "name": "话术",
      "font_class": "huashu1",
      "unicode": "e710",
      "unicode_decimal": 59152
    },
    {
      "icon_id": "18241352",
      "name": "图片",
      "font_class": "tupian2",
      "unicode": "e711",
      "unicode_decimal": 59153
    },
    {
      "icon_id": "18208669",
      "name": "回放",
      "font_class": "huifang",
      "unicode": "e76c",
      "unicode_decimal": 59244
    },
    {
      "icon_id": "18208646",
      "name": "直播中",
      "font_class": "zhibozhong",
      "unicode": "e76b",
      "unicode_decimal": 59243
    },
    {
      "icon_id": "18132600",
      "name": "huangguan",
      "font_class": "huangguan3",
      "unicode": "e769",
      "unicode_decimal": 59241
    },
    {
      "icon_id": "18106245",
      "name": "会员 (2)",
      "font_class": "huiyuan2",
      "unicode": "e70c",
      "unicode_decimal": 59148
    },
    {
      "icon_id": "18048170",
      "name": "发票",
      "font_class": "fapiao1",
      "unicode": "e70b",
      "unicode_decimal": 59147
    },
    {
      "icon_id": "17992611",
      "name": "叉",
      "font_class": "cha3",
      "unicode": "e709",
      "unicode_decimal": 59145
    },
    {
      "icon_id": "17992612",
      "name": "设置",
      "font_class": "shezhi1",
      "unicode": "e70a",
      "unicode_decimal": 59146
    },
    {
      "icon_id": "17992599",
      "name": "添加 (1)",
      "font_class": "tianjia1",
      "unicode": "e705",
      "unicode_decimal": 59141
    },
    {
      "icon_id": "17992600",
      "name": "编辑",
      "font_class": "bianji3",
      "unicode": "e706",
      "unicode_decimal": 59142
    },
    {
      "icon_id": "17992601",
      "name": "加号",
      "font_class": "jiahao2",
      "unicode": "e707",
      "unicode_decimal": 59143
    },
    {
      "icon_id": "17992602",
      "name": "删除",
      "font_class": "shanchu3",
      "unicode": "e708",
      "unicode_decimal": 59144
    },
    {
      "icon_id": "17950802",
      "name": "复制口令",
      "font_class": "fuzhikouling",
      "unicode": "e704",
      "unicode_decimal": 59140
    },
    {
      "icon_id": "17928659",
      "name": "客服接待",
      "font_class": "kefujiedai",
      "unicode": "e703",
      "unicode_decimal": 59139
    },
    {
      "icon_id": "17898154",
      "name": "秒杀 (1)",
      "font_class": "miaosha1",
      "unicode": "e702",
      "unicode_decimal": 59138
    },
    {
      "icon_id": "17759886",
      "name": "编辑",
      "font_class": "bianji2",
      "unicode": "e700",
      "unicode_decimal": 59136
    },
    {
      "icon_id": "17759887",
      "name": "清空缓存",
      "font_class": "qingkonghuancun",
      "unicode": "e701",
      "unicode_decimal": 59137
    },
    {
      "icon_id": "17759858",
      "name": "时间",
      "font_class": "shijian1",
      "unicode": "e66b",
      "unicode_decimal": 58987
    },
    {
      "icon_id": "17759861",
      "name": "问号 (1)",
      "font_class": "wenhao1",
      "unicode": "e6ee",
      "unicode_decimal": 59118
    },
    {
      "icon_id": "17742749",
      "name": "账号密码",
      "font_class": "zhanghaomima",
      "unicode": "e763",
      "unicode_decimal": 59235
    },
    {
      "icon_id": "17742750",
      "name": "二维码",
      "font_class": "erweima2",
      "unicode": "e765",
      "unicode_decimal": 59237
    },
    {
      "icon_id": "3716229",
      "name": "关机",
      "font_class": "guanji",
      "unicode": "e6ed",
      "unicode_decimal": 59117
    },
    {
      "icon_id": "17742651",
      "name": "图片",
      "font_class": "tupian1",
      "unicode": "e762",
      "unicode_decimal": 59234
    },
    {
      "icon_id": "17742653",
      "name": "表情",
      "font_class": "biaoqing1",
      "unicode": "e764",
      "unicode_decimal": 59236
    },
    {
      "icon_id": "17742623",
      "name": "关闭",
      "font_class": "guanbi5",
      "unicode": "e761",
      "unicode_decimal": 59233
    },
    {
      "icon_id": "4144169",
      "name": "声音 静音 线性",
      "font_class": "shengyinjingyinxianxing",
      "unicode": "e94f",
      "unicode_decimal": 59727
    },
    {
      "icon_id": "8960847",
      "name": "声音",
      "font_class": "shengyinyinliang",
      "unicode": "e66a",
      "unicode_decimal": 58986
    },
    {
      "icon_id": "17603949",
      "name": "评价",
      "font_class": "pingjia1",
      "unicode": "e6ec",
      "unicode_decimal": 59116
    },
    {
      "icon_id": "17580487",
      "name": "下拉展开",
      "font_class": "xialazhankai",
      "unicode": "e6dd",
      "unicode_decimal": 59101
    },
    {
      "icon_id": "17580488",
      "name": "叉",
      "font_class": "cha2",
      "unicode": "e6e6",
      "unicode_decimal": 59110
    },
    {
      "icon_id": "17580404",
      "name": "返回首页",
      "font_class": "fanhuishouye",
      "unicode": "e6df",
      "unicode_decimal": 59103
    },
    {
      "icon_id": "17580405",
      "name": "更多",
      "font_class": "gengduo3",
      "unicode": "e6e0",
      "unicode_decimal": 59104
    },
    {
      "icon_id": "17580406",
      "name": "分享",
      "font_class": "fenxiang1",
      "unicode": "e6e2",
      "unicode_decimal": 59106
    },
    {
      "icon_id": "17580407",
      "name": "搜索",
      "font_class": "sousuo5",
      "unicode": "e6e3",
      "unicode_decimal": 59107
    },
    {
      "icon_id": "17580409",
      "name": "会员",
      "font_class": "huiyuan1",
      "unicode": "e6e5",
      "unicode_decimal": 59109
    },
    {
      "icon_id": "17580411",
      "name": "勾",
      "font_class": "gou",
      "unicode": "e6e7",
      "unicode_decimal": 59111
    },
    {
      "icon_id": "17580412",
      "name": "购物车",
      "font_class": "gouwuche6",
      "unicode": "e6e8",
      "unicode_decimal": 59112
    },
    {
      "icon_id": "17580413",
      "name": "右",
      "font_class": "you1",
      "unicode": "e6e9",
      "unicode_decimal": 59113
    },
    {
      "icon_id": "17580414",
      "name": "左",
      "font_class": "zuo1",
      "unicode": "e6ea",
      "unicode_decimal": 59114
    },
    {
      "icon_id": "17580415",
      "name": "vip",
      "font_class": "vip12",
      "unicode": "e6eb",
      "unicode_decimal": 59115
    },
    {
      "icon_id": "17580376",
      "name": "优惠券",
      "font_class": "youhuiquan1",
      "unicode": "e6db",
      "unicode_decimal": 59099
    },
    {
      "icon_id": "17580357",
      "name": "客服 (2)",
      "font_class": "kefu21",
      "unicode": "e6da",
      "unicode_decimal": 59098
    },
    {
      "icon_id": "17580359",
      "name": "余额",
      "font_class": "yue1",
      "unicode": "e6dc",
      "unicode_decimal": 59100
    },
    {
      "icon_id": "17580217",
      "name": "会员中心",
      "font_class": "huiyuanzhongxin",
      "unicode": "e6d5",
      "unicode_decimal": 59093
    },
    {
      "icon_id": "17580218",
      "name": "砍价记录",
      "font_class": "kanjiajilu",
      "unicode": "e6d6",
      "unicode_decimal": 59094
    },
    {
      "icon_id": "17580219",
      "name": "地址信息",
      "font_class": "dizhixinxi",
      "unicode": "e6d7",
      "unicode_decimal": 59095
    },
    {
      "icon_id": "17580220",
      "name": "我的推广",
      "font_class": "wodetuiguang",
      "unicode": "e6d8",
      "unicode_decimal": 59096
    },
    {
      "icon_id": "17580221",
      "name": "我的收藏",
      "font_class": "wodeshoucang",
      "unicode": "e6d9",
      "unicode_decimal": 59097
    },
    {
      "icon_id": "17499862",
      "name": "回到顶部",
      "font_class": "huidaodingbu1",
      "unicode": "e6d4",
      "unicode_decimal": 59092
    },
    {
      "icon_id": "17440785",
      "name": "扫一扫",
      "font_class": "saoyisao",
      "unicode": "e6d3",
      "unicode_decimal": 59091
    },
    {
      "icon_id": "17387549",
      "name": "价格筛选（上）",
      "font_class": "jiageshaixuanshang",
      "unicode": "e6d0",
      "unicode_decimal": 59088
    },
    {
      "icon_id": "17387550",
      "name": "价格筛选（下）",
      "font_class": "jiageshaixuanxia",
      "unicode": "e6d1",
      "unicode_decimal": 59089
    },
    {
      "icon_id": "17373682",
      "name": "手机",
      "font_class": "shouji1",
      "unicode": "e6cf",
      "unicode_decimal": 59087
    },
    {
      "icon_id": "17372315",
      "name": "更多",
      "font_class": "gengduo2",
      "unicode": "e6cd",
      "unicode_decimal": 59085
    },
    {
      "icon_id": "17372311",
      "name": "叉",
      "font_class": "cha1",
      "unicode": "e6cb",
      "unicode_decimal": 59083
    },
    {
      "icon_id": "17372250",
      "name": "发送",
      "font_class": "fasong",
      "unicode": "e6be",
      "unicode_decimal": 59070
    },
    {
      "icon_id": "17372251",
      "name": "更多展开",
      "font_class": "gengduozhankai",
      "unicode": "e6c7",
      "unicode_decimal": 59079
    },
    {
      "icon_id": "17372252",
      "name": "表情",
      "font_class": "biaoqing",
      "unicode": "e6c8",
      "unicode_decimal": 59080
    },
    {
      "icon_id": "17372253",
      "name": "话术",
      "font_class": "huashu",
      "unicode": "e6c9",
      "unicode_decimal": 59081
    },
    {
      "icon_id": "17372254",
      "name": "图片",
      "font_class": "tupian",
      "unicode": "e6ca",
      "unicode_decimal": 59082
    },
    {
      "icon_id": "17372239",
      "name": "密码",
      "font_class": "mima",
      "unicode": "e6ba",
      "unicode_decimal": 59066
    },
    {
      "icon_id": "17372240",
      "name": "账号",
      "font_class": "zhanghao",
      "unicode": "e6bc",
      "unicode_decimal": 59068
    },
    {
      "icon_id": "17372087",
      "name": "返回",
      "font_class": "fanhui",
      "unicode": "e6b9",
      "unicode_decimal": 59065
    },
    {
      "icon_id": "17372093",
      "name": "进入",
      "font_class": "jinru2",
      "unicode": "e6bd",
      "unicode_decimal": 59069
    },
    {
      "icon_id": "17372095",
      "name": "商品信息",
      "font_class": "shangpinxinxi",
      "unicode": "e6bf",
      "unicode_decimal": 59071
    },
    {
      "icon_id": "17372097",
      "name": "退出",
      "font_class": "tuichu",
      "unicode": "e6c0",
      "unicode_decimal": 59072
    },
    {
      "icon_id": "17372099",
      "name": "交易订单",
      "font_class": "jiaoyidingdan",
      "unicode": "e6c1",
      "unicode_decimal": 59073
    },
    {
      "icon_id": "17372100",
      "name": "搜索",
      "font_class": "sousuo4",
      "unicode": "e6c4",
      "unicode_decimal": 59076
    },
    {
      "icon_id": "17372101",
      "name": "选中",
      "font_class": "xuanzhong5",
      "unicode": "e6c6",
      "unicode_decimal": 59078
    },
    {
      "icon_id": "17340774",
      "name": "VIP",
      "font_class": "VIP2",
      "unicode": "e6b8",
      "unicode_decimal": 59064
    },
    {
      "icon_id": "17291941",
      "name": "品种",
      "font_class": "pinzhong",
      "unicode": "e6a2",
      "unicode_decimal": 59042
    },
    {
      "icon_id": "17291942",
      "name": "行货",
      "font_class": "hanghuo",
      "unicode": "e6a3",
      "unicode_decimal": 59043
    },
    {
      "icon_id": "17291943",
      "name": "直发",
      "font_class": "zhifa",
      "unicode": "e6b6",
      "unicode_decimal": 59062
    },
    {
      "icon_id": "17291944",
      "name": "低价",
      "font_class": "dijia",
      "unicode": "e6b7",
      "unicode_decimal": 59063
    },
    {
      "icon_id": "17263492",
      "name": "个人中心-选中",
      "font_class": "gerenzhongxin-xuanzhong",
      "unicode": "e6ae",
      "unicode_decimal": 59054
    },
    {
      "icon_id": "17263000",
      "name": "选中",
      "font_class": "xuanzhong4",
      "unicode": "e6af",
      "unicode_decimal": 59055
    },
    {
      "icon_id": "17263001",
      "name": "暂无秒杀",
      "font_class": "zanwumiaosha",
      "unicode": "e6b0",
      "unicode_decimal": 59056
    },
    {
      "icon_id": "17263002",
      "name": "上传图片",
      "font_class": "shangchuantupian",
      "unicode": "e6b3",
      "unicode_decimal": 59059
    },
    {
      "icon_id": "17263003",
      "name": "服务",
      "font_class": "fuwu",
      "unicode": "e6b4",
      "unicode_decimal": 59060
    },
    {
      "icon_id": "17263004",
      "name": "退款提示",
      "font_class": "tuikuantishi",
      "unicode": "e6b5",
      "unicode_decimal": 59061
    },
    {
      "icon_id": "17250368",
      "name": "二维码-右下",
      "font_class": "erweima-youxia",
      "unicode": "e6ad",
      "unicode_decimal": 59053
    },
    {
      "icon_id": "17247575",
      "name": "二维码边角",
      "font_class": "erweimabianjiao",
      "unicode": "e6ac",
      "unicode_decimal": 59052
    },
    {
      "icon_id": "17246424",
      "name": "微信登录",
      "font_class": "weixindenglu1",
      "unicode": "e6aa",
      "unicode_decimal": 59050
    },
    {
      "icon_id": "17246425",
      "name": "账号登录",
      "font_class": "zhanghaodenglu1",
      "unicode": "e6ab",
      "unicode_decimal": 59051
    },
    {
      "icon_id": "17222859",
      "name": "上架时间",
      "font_class": "shangjiashijian",
      "unicode": "e6a9",
      "unicode_decimal": 59049
    },
    {
      "icon_id": "17222848",
      "name": "价格筛选",
      "font_class": "jiageshaixuan",
      "unicode": "e6a7",
      "unicode_decimal": 59047
    },
    {
      "icon_id": "17222849",
      "name": "更多分类",
      "font_class": "gengduofenlei",
      "unicode": "e6a8",
      "unicode_decimal": 59048
    },
    {
      "icon_id": "17179785",
      "name": "未选",
      "font_class": "weixuan",
      "unicode": "e6a6",
      "unicode_decimal": 59046
    },
    {
      "icon_id": "17179708",
      "name": "选中1",
      "font_class": "xuanzhong11",
      "unicode": "e6a5",
      "unicode_decimal": 59045
    },
    {
      "icon_id": "17179618",
      "name": "评价",
      "font_class": "pingjia",
      "unicode": "e6a4",
      "unicode_decimal": 59044
    },
    {
      "icon_id": "17179152",
      "name": "关 闭",
      "font_class": "guanbi4",
      "unicode": "e6a0",
      "unicode_decimal": 59040
    },
    {
      "icon_id": "17179076",
      "name": "品种齐全",
      "font_class": "pinzhongqiquan",
      "unicode": "e69d",
      "unicode_decimal": 59037
    },
    {
      "icon_id": "17179077",
      "name": "低价畅选",
      "font_class": "dijiachangxuan",
      "unicode": "e69e",
      "unicode_decimal": 59038
    },
    {
      "icon_id": "17179078",
      "name": "正品行货",
      "font_class": "zhengpinhanghuo",
      "unicode": "e69f",
      "unicode_decimal": 59039
    },
    {
      "icon_id": "17179021",
      "name": "地址-添加",
      "font_class": "dizhi-tianjia",
      "unicode": "e696",
      "unicode_decimal": 59030
    },
    {
      "icon_id": "17179006",
      "name": "删除",
      "font_class": "shanchu2",
      "unicode": "e69c",
      "unicode_decimal": 59036
    },
    {
      "icon_id": "17178966",
      "name": "余额",
      "font_class": "yue",
      "unicode": "e699",
      "unicode_decimal": 59033
    },
    {
      "icon_id": "17178967",
      "name": "微信支付",
      "font_class": "weixinzhifu1",
      "unicode": "e69a",
      "unicode_decimal": 59034
    },
    {
      "icon_id": "17178959",
      "name": "商品数量-减",
      "font_class": "shangpinshuliang-jian",
      "unicode": "e698",
      "unicode_decimal": 59032
    },
    {
      "icon_id": "17178896",
      "name": "商品数量-加",
      "font_class": "shangpinshuliang-jia",
      "unicode": "e697",
      "unicode_decimal": 59031
    },
    {
      "icon_id": "17178852",
      "name": "选中",
      "font_class": "xuanzhong3",
      "unicode": "e693",
      "unicode_decimal": 59027
    },
    {
      "icon_id": "17178853",
      "name": "地址下拉",
      "font_class": "dizhixiala",
      "unicode": "e694",
      "unicode_decimal": 59028
    },
    {
      "icon_id": "17178834",
      "name": "进入",
      "font_class": "jinru1",
      "unicode": "e695",
      "unicode_decimal": 59029
    },
    {
      "icon_id": "17178684",
      "name": "申请退款",
      "font_class": "shenqingtuikuan",
      "unicode": "e692",
      "unicode_decimal": 59026
    },
    {
      "icon_id": "17178640",
      "name": "配货",
      "font_class": "peihuo",
      "unicode": "e68d",
      "unicode_decimal": 59021
    },
    {
      "icon_id": "17178641",
      "name": "下单",
      "font_class": "xiadan",
      "unicode": "e68e",
      "unicode_decimal": 59022
    },
    {
      "icon_id": "17178642",
      "name": "完成",
      "font_class": "wancheng",
      "unicode": "e68f",
      "unicode_decimal": 59023
    },
    {
      "icon_id": "17178643",
      "name": "付款",
      "font_class": "fukuan",
      "unicode": "e690",
      "unicode_decimal": 59024
    },
    {
      "icon_id": "17178644",
      "name": "发货",
      "font_class": "fahuo",
      "unicode": "e691",
      "unicode_decimal": 59025
    },
    {
      "icon_id": "17178584",
      "name": "扫码",
      "font_class": "saoma",
      "unicode": "e68c",
      "unicode_decimal": 59020
    },
    {
      "icon_id": "17178465",
      "name": "提示",
      "font_class": "tishi",
      "unicode": "e68b",
      "unicode_decimal": 59019
    },
    {
      "icon_id": "17178420",
      "name": "下拉",
      "font_class": "xiala2",
      "unicode": "e682",
      "unicode_decimal": 59010
    },
    {
      "icon_id": "17178421",
      "name": "VIP",
      "font_class": "VIP1",
      "unicode": "e68a",
      "unicode_decimal": 59018
    },
    {
      "icon_id": "17178383",
      "name": "已收藏",
      "font_class": "yishoucang",
      "unicode": "e683",
      "unicode_decimal": 59011
    },
    {
      "icon_id": "17178384",
      "name": "收藏",
      "font_class": "shoucang2",
      "unicode": "e686",
      "unicode_decimal": 59014
    },
    {
      "icon_id": "17178385",
      "name": "客服",
      "font_class": "kefu2",
      "unicode": "e689",
      "unicode_decimal": 59017
    },
    {
      "icon_id": "17178297",
      "name": "发票",
      "font_class": "fapiao",
      "unicode": "e680",
      "unicode_decimal": 59008
    },
    {
      "icon_id": "17178288",
      "name": "发票管理",
      "font_class": "fapiaoguanli",
      "unicode": "e681",
      "unicode_decimal": 59009
    },
    {
      "icon_id": "17156206",
      "name": "进入",
      "font_class": "jinru",
      "unicode": "e67e",
      "unicode_decimal": 59006
    },
    {
      "icon_id": "17156160",
      "name": "搜索",
      "font_class": "sousuo3",
      "unicode": "e67b",
      "unicode_decimal": 59003
    },
    {
      "icon_id": "17155978",
      "name": "顶部-购物车",
      "font_class": "dingbu-gouwuche",
      "unicode": "e67a",
      "unicode_decimal": 59002
    },
    {
      "icon_id": "17155967",
      "name": "回到顶部",
      "font_class": "huidaodingbu",
      "unicode": "e678",
      "unicode_decimal": 59000
    },
    {
      "icon_id": "17155547",
      "name": "侧导航-购物车",
      "font_class": "cedaohang-gouwuche",
      "unicode": "e676",
      "unicode_decimal": 58998
    },
    {
      "icon_id": "17155537",
      "name": "微信",
      "font_class": "weixin4",
      "unicode": "e675",
      "unicode_decimal": 58997
    },
    {
      "icon_id": "17155527",
      "name": "联系客服",
      "font_class": "lianxikefu",
      "unicode": "e672",
      "unicode_decimal": 58994
    },
    {
      "icon_id": "17155425",
      "name": "左-秒杀",
      "font_class": "zuo-miaosha",
      "unicode": "e670",
      "unicode_decimal": 58992
    },
    {
      "icon_id": "17155426",
      "name": "右-秒杀",
      "font_class": "you-miaosha",
      "unicode": "e671",
      "unicode_decimal": 58993
    },
    {
      "icon_id": "17155414",
      "name": "左",
      "font_class": "zuo",
      "unicode": "e66d",
      "unicode_decimal": 58989
    },
    {
      "icon_id": "17155415",
      "name": "右",
      "font_class": "you",
      "unicode": "e66f",
      "unicode_decimal": 58991
    },
    {
      "icon_id": "17155379",
      "name": "收藏本站",
      "font_class": "shoucangbenzhan",
      "unicode": "e66c",
      "unicode_decimal": 58988
    },
    {
      "icon_id": "16881301",
      "name": "联系商家",
      "font_class": "lianxishangjia",
      "unicode": "e668",
      "unicode_decimal": 58984
    },
    {
      "icon_id": "16881237",
      "name": "定位",
      "font_class": "dingwei",
      "unicode": "e667",
      "unicode_decimal": 58983
    },
    {
      "icon_id": "16855793",
      "name": "分类",
      "font_class": "fenlei2",
      "unicode": "e663",
      "unicode_decimal": 58979
    },
    {
      "icon_id": "16855794",
      "name": "我的",
      "font_class": "wode",
      "unicode": "e664",
      "unicode_decimal": 58980
    },
    {
      "icon_id": "16855795",
      "name": "首页",
      "font_class": "shouye5",
      "unicode": "e665",
      "unicode_decimal": 58981
    },
    {
      "icon_id": "16855796",
      "name": "购物车",
      "font_class": "gouwuche5",
      "unicode": "e666",
      "unicode_decimal": 58982
    },
    {
      "icon_id": "16842413",
      "name": "减号",
      "font_class": "jianhao1",
      "unicode": "e661",
      "unicode_decimal": 58977
    },
    {
      "icon_id": "16842414",
      "name": "加号",
      "font_class": "jiahao1",
      "unicode": "e662",
      "unicode_decimal": 58978
    },
    {
      "icon_id": "16522587",
      "name": "验证码",
      "font_class": "yanzhengma1",
      "unicode": "e65f",
      "unicode_decimal": 58975
    },
    {
      "icon_id": "16522588",
      "name": "手机",
      "font_class": "shouji",
      "unicode": "e660",
      "unicode_decimal": 58976
    },
    {
      "icon_id": "15999750",
      "name": "叉",
      "font_class": "cha",
      "unicode": "e658",
      "unicode_decimal": 58968
    },
    {
      "icon_id": "15999751",
      "name": "手机号",
      "font_class": "shoujihao",
      "unicode": "e659",
      "unicode_decimal": 58969
    },
    {
      "icon_id": "15999752",
      "name": "企业",
      "font_class": "qiye",
      "unicode": "e65b",
      "unicode_decimal": 58971
    },
    {
      "icon_id": "15999753",
      "name": "用户",
      "font_class": "yonghu3",
      "unicode": "e65c",
      "unicode_decimal": 58972
    },
    {
      "icon_id": "15999754",
      "name": "验证码",
      "font_class": "yanzhengma",
      "unicode": "e65d",
      "unicode_decimal": 58973
    },
    {
      "icon_id": "6612140",
      "name": "商品",
      "font_class": "shangpin",
      "unicode": "e653",
      "unicode_decimal": 58963
    },
    {
      "icon_id": "8794230",
      "name": "签到 (1)",
      "font_class": "qiandao2",
      "unicode": "e65a",
      "unicode_decimal": 58970
    },
    {
      "icon_id": "9972588",
      "name": "邀请",
      "font_class": "yaoqing",
      "unicode": "ea39",
      "unicode_decimal": 59961
    },
    {
      "icon_id": "15318957",
      "name": "退货中",
      "font_class": "tuihuozhong",
      "unicode": "e64f",
      "unicode_decimal": 58959
    },
    {
      "icon_id": "15318958",
      "name": "审核中",
      "font_class": "shenhezhong1",
      "unicode": "e650",
      "unicode_decimal": 58960
    },
    {
      "icon_id": "15318959",
      "name": "待退货",
      "font_class": "daituihuo",
      "unicode": "e652",
      "unicode_decimal": 58962
    },
    {
      "icon_id": "15295351",
      "name": "已核销",
      "font_class": "yihexiao",
      "unicode": "e75f",
      "unicode_decimal": 59231
    },
    {
      "icon_id": "1312558",
      "name": "已拒绝",
      "font_class": "yijujue1",
      "unicode": "e6a1",
      "unicode_decimal": 59041
    },
    {
      "icon_id": "11304395",
      "name": "更多",
      "font_class": "gengduo1",
      "unicode": "e674",
      "unicode_decimal": 58996
    },
    {
      "icon_id": "1052580",
      "name": "退款",
      "font_class": "tuikuan",
      "unicode": "e657",
      "unicode_decimal": 58967
    },
    {
      "icon_id": "9157604",
      "name": "消息",
      "font_class": "xiaoxi",
      "unicode": "e64b",
      "unicode_decimal": 58955
    },
    {
      "icon_id": "503176",
      "name": "二维码",
      "font_class": "erweima1",
      "unicode": "e647",
      "unicode_decimal": 58951
    },
    {
      "icon_id": "3122166",
      "name": "客服",
      "font_class": "kefu1",
      "unicode": "e648",
      "unicode_decimal": 58952
    },
    {
      "icon_id": "5941547",
      "name": "关注",
      "font_class": "guanzhu",
      "unicode": "e645",
      "unicode_decimal": 58949
    },
    {
      "icon_id": "4360804",
      "name": "相机",
      "font_class": "xiangji",
      "unicode": "e6bb",
      "unicode_decimal": 59067
    },
    {
      "icon_id": "7677879",
      "name": "注意",
      "font_class": "zhuyi-copy",
      "unicode": "e688",
      "unicode_decimal": 59016
    },
    {
      "icon_id": "3656374",
      "name": "评分",
      "font_class": "pingfen",
      "unicode": "e649",
      "unicode_decimal": 58953
    },
    {
      "icon_id": "5387905",
      "name": "应用APP_o",
      "font_class": "yingyongAPP_o",
      "unicode": "eb88",
      "unicode_decimal": 60296
    },
    {
      "icon_id": "5388057",
      "name": "驿站_o",
      "font_class": "yizhan_o",
      "unicode": "ebc6",
      "unicode_decimal": 60358
    },
    {
      "icon_id": "6204467",
      "name": "筛选",
      "font_class": "shaixuan",
      "unicode": "e651",
      "unicode_decimal": 58961
    },
    {
      "icon_id": "11017383",
      "name": "商家【订单】",
      "font_class": "shangjiadingdan",
      "unicode": "e64a",
      "unicode_decimal": 58954
    },
    {
      "icon_id": "13540820",
      "name": "首页",
      "font_class": "shouye4",
      "unicode": "e64d",
      "unicode_decimal": 58957
    },
    {
      "icon_id": "2382828",
      "name": "金币",
      "font_class": "jinbi2",
      "unicode": "e63f",
      "unicode_decimal": 58943
    },
    {
      "icon_id": "1487445",
      "name": "金币",
      "font_class": "jinbi",
      "unicode": "e63c",
      "unicode_decimal": 58940
    },
    {
      "icon_id": "1713291",
      "name": "坐标",
      "font_class": "zuobiao",
      "unicode": "e6de",
      "unicode_decimal": 59102
    },
    {
      "icon_id": "13670774",
      "name": "减号",
      "font_class": "jianhao",
      "unicode": "e753",
      "unicode_decimal": 59219
    },
    {
      "icon_id": "13670775",
      "name": "加号",
      "font_class": "jiahao",
      "unicode": "e754",
      "unicode_decimal": 59220
    },
    {
      "icon_id": "4128532",
      "name": "直播结束@2x",
      "font_class": "zhibojieshux",
      "unicode": "e63d",
      "unicode_decimal": 58941
    },
    {
      "icon_id": "12314352",
      "name": "直播",
      "font_class": "zhibo",
      "unicode": "e63e",
      "unicode_decimal": 58942
    },
    {
      "icon_id": "12254242",
      "name": "VIP",
      "font_class": "VIP",
      "unicode": "e751",
      "unicode_decimal": 59217
    },
    {
      "icon_id": "539040",
      "name": "推广",
      "font_class": "tuiguang",
      "unicode": "e63b",
      "unicode_decimal": 58939
    },
    {
      "icon_id": "11680996",
      "name": "geren02",
      "font_class": "geren1",
      "unicode": "e750",
      "unicode_decimal": 59216
    },
    {
      "icon_id": "11680989",
      "name": "gouwuche02",
      "font_class": "gouwuche4",
      "unicode": "e74f",
      "unicode_decimal": 59215
    },
    {
      "icon_id": "11680960",
      "name": "fenlei02",
      "font_class": "fenlei1",
      "unicode": "e74e",
      "unicode_decimal": 59214
    },
    {
      "icon_id": "11680785",
      "name": "shouye02",
      "font_class": "shouye3",
      "unicode": "e74c",
      "unicode_decimal": 59212
    },
    {
      "icon_id": "11680780",
      "name": "geren01",
      "font_class": "geren",
      "unicode": "e74b",
      "unicode_decimal": 59211
    },
    {
      "icon_id": "11680778",
      "name": "gouwuche01",
      "font_class": "gouwuche3",
      "unicode": "e74a",
      "unicode_decimal": 59210
    },
    {
      "icon_id": "11680757",
      "name": "fenlei01",
      "font_class": "fenlei",
      "unicode": "e749",
      "unicode_decimal": 59209
    },
    {
      "icon_id": "11680752",
      "name": "shouye01",
      "font_class": "shouye2",
      "unicode": "e748",
      "unicode_decimal": 59208
    },
    {
      "icon_id": "11680690",
      "name": "mzshopping01",
      "font_class": "mzshopping",
      "unicode": "e746",
      "unicode_decimal": 59206
    },
    {
      "icon_id": "6854655",
      "name": "功能",
      "font_class": "gongneng",
      "unicode": "e63a",
      "unicode_decimal": 58938
    },
    {
      "icon_id": "11003792",
      "name": "个人中心",
      "font_class": "gerenzhongxin-copy",
      "unicode": "ebc0",
      "unicode_decimal": 60352
    },
    {
      "icon_id": "11003799",
      "name": "首页",
      "font_class": "shouye1-copy",
      "unicode": "ebc1",
      "unicode_decimal": 60353
    },
    {
      "icon_id": "4769807",
      "name": "个人中心",
      "font_class": "gerenzhongxin",
      "unicode": "e636",
      "unicode_decimal": 58934
    },
    {
      "icon_id": "4770063",
      "name": "首页",
      "font_class": "shouye1",
      "unicode": "e637",
      "unicode_decimal": 58935
    },
    {
      "icon_id": "4770130",
      "name": "购物车",
      "font_class": "gouwuche2",
      "unicode": "e638",
      "unicode_decimal": 58936
    },
    {
      "icon_id": "7383390",
      "name": "分类",
      "font_class": "fenleiyemian",
      "unicode": "e639",
      "unicode_decimal": 58937
    },
    {
      "icon_id": "11003806",
      "name": "购物车",
      "font_class": "gouwuche2-copy",
      "unicode": "ebc2",
      "unicode_decimal": 60354
    },
    {
      "icon_id": "11003812",
      "name": "分类",
      "font_class": "fenleiyemian-copy",
      "unicode": "ebc3",
      "unicode_decimal": 60355
    },
    {
      "icon_id": "10880067",
      "name": "通话",
      "font_class": "tonghua",
      "unicode": "e740",
      "unicode_decimal": 59200
    },
    {
      "icon_id": "5996196",
      "name": "右键",
      "font_class": "youjian",
      "unicode": "e677",
      "unicode_decimal": 58999
    },
    {
      "icon_id": "926111",
      "name": "打电话-01",
      "font_class": "dadianhua01",
      "unicode": "e623",
      "unicode_decimal": 58915
    },
    {
      "icon_id": "2553385",
      "name": "排行",
      "font_class": "paihang",
      "unicode": "e73e",
      "unicode_decimal": 59198
    },
    {
      "icon_id": "2559567",
      "name": "位置",
      "font_class": "weizhi",
      "unicode": "e62d",
      "unicode_decimal": 58925
    },
    {
      "icon_id": "3203334",
      "name": "排行",
      "font_class": "paihang1",
      "unicode": "e633",
      "unicode_decimal": 58931
    },
    {
      "icon_id": "4919800",
      "name": "说明",
      "font_class": "shuoming1",
      "unicode": "e673",
      "unicode_decimal": 58995
    },
    {
      "icon_id": "8181204",
      "name": "dianhau",
      "font_class": "dianhau",
      "unicode": "e634",
      "unicode_decimal": 58932
    },
    {
      "icon_id": "9136175",
      "name": "时间",
      "font_class": "shijian",
      "unicode": "e635",
      "unicode_decimal": 58933
    },
    {
      "icon_id": "5383811",
      "name": "新闻通知",
      "font_class": "huabanfuben",
      "unicode": "e654",
      "unicode_decimal": 58964
    },
    {
      "icon_id": "3453309",
      "name": "减",
      "font_class": "jian",
      "unicode": "e621",
      "unicode_decimal": 58913
    },
    {
      "icon_id": "3577985",
      "name": "加",
      "font_class": "jia",
      "unicode": "e7e0",
      "unicode_decimal": 59360
    },
    {
      "icon_id": "10283513",
      "name": "修 改",
      "font_class": "xiugai",
      "unicode": "e61f",
      "unicode_decimal": 58911
    },
    {
      "icon_id": "5387908",
      "name": "按钮_箭头展开_o",
      "font_class": "anniu_jiantouzhankai_o",
      "unicode": "eb89",
      "unicode_decimal": 60297
    },
    {
      "icon_id": "5387922",
      "name": "箭头_下一页_o",
      "font_class": "jiantou_xiayiye_o",
      "unicode": "eb8f",
      "unicode_decimal": 60303
    },
    {
      "icon_id": "5387926",
      "name": "箭头_上下切换_o",
      "font_class": "jiantou_shangxiaqiehuan_o",
      "unicode": "eb90",
      "unicode_decimal": 60304
    },
    {
      "icon_id": "5387950",
      "name": "上下展开_o",
      "font_class": "shangxiazhankai_o",
      "unicode": "eb9a",
      "unicode_decimal": 60314
    },
    {
      "icon_id": "5387993",
      "name": "电话_o",
      "font_class": "dianhua_o",
      "unicode": "ebaf",
      "unicode_decimal": 60335
    },
    {
      "icon_id": "5388009",
      "name": "云上传_o",
      "font_class": "yunshangchuan_o",
      "unicode": "ebb3",
      "unicode_decimal": 60339
    },
    {
      "icon_id": "5388011",
      "name": "饼图_o",
      "font_class": "bingtu_o",
      "unicode": "ebb4",
      "unicode_decimal": 60340
    },
    {
      "icon_id": "5388017",
      "name": "包裹_环保盒_o",
      "font_class": "baoguo_huanbaohe_o",
      "unicode": "ebb6",
      "unicode_decimal": 60342
    },
    {
      "icon_id": "5388018",
      "name": "包裹_取消收货_o",
      "font_class": "baoguo_quxiaoshouhuo_o",
      "unicode": "ebb7",
      "unicode_decimal": 60343
    },
    {
      "icon_id": "5388019",
      "name": "包裹_收货_o",
      "font_class": "baoguo_shouhuo_o",
      "unicode": "ebb8",
      "unicode_decimal": 60344
    },
    {
      "icon_id": "5388020",
      "name": "包裹_领件_o",
      "font_class": "baoguo_lingjian_o",
      "unicode": "ebb9",
      "unicode_decimal": 60345
    },
    {
      "icon_id": "5388021",
      "name": "包裹_收纳_o",
      "font_class": "baoguo_shouna_o",
      "unicode": "ebbe",
      "unicode_decimal": 60350
    },
    {
      "icon_id": "5116806",
      "name": "线下支付",
      "font_class": "xianxiazhifu",
      "unicode": "e6e1",
      "unicode_decimal": 59105
    },
    {
      "icon_id": "7766777",
      "name": "icon_im_keyboard",
      "font_class": "icon_im_keyboard",
      "unicode": "eb97",
      "unicode_decimal": 60311
    },
    {
      "icon_id": "10144788",
      "name": "tupian-01",
      "font_class": "tupian-",
      "unicode": "e73f",
      "unicode_decimal": 59199
    },
    {
      "icon_id": "7766749",
      "name": "icon_im_face",
      "font_class": "icon_im_face",
      "unicode": "eb96",
      "unicode_decimal": 60310
    },
    {
      "icon_id": "2203117",
      "name": "余额支付",
      "font_class": "yuezhifu",
      "unicode": "e65e",
      "unicode_decimal": 58974
    },
    {
      "icon_id": "2672470",
      "name": "余额支付",
      "font_class": "yuezhifu1",
      "unicode": "e61a",
      "unicode_decimal": 58906
    },
    {
      "icon_id": "6133627",
      "name": "微信支付",
      "font_class": "weixinzhifu",
      "unicode": "e632",
      "unicode_decimal": 58930
    },
    {
      "icon_id": "6783580",
      "name": "支付宝",
      "font_class": "zhifubao",
      "unicode": "e61d",
      "unicode_decimal": 58909
    },
    {
      "icon_id": "9896813",
      "name": "海报",
      "font_class": "haibao",
      "unicode": "e73b",
      "unicode_decimal": 59195
    },
    {
      "icon_id": "3185373",
      "name": "微信",
      "font_class": "weixin3",
      "unicode": "e618",
      "unicode_decimal": 58904
    },
    {
      "icon_id": "9895692",
      "name": "crmeb2",
      "font_class": "crmeb1",
      "unicode": "e739",
      "unicode_decimal": 59193
    },
    {
      "icon_id": "9561662",
      "name": "crmeb",
      "font_class": "crmeb",
      "unicode": "e735",
      "unicode_decimal": 59189
    },
    {
      "icon_id": "9364654",
      "name": "选中",
      "font_class": "xuanzhong2",
      "unicode": "e731",
      "unicode_decimal": 59185
    },
    {
      "icon_id": "9364655",
      "name": "数据统计",
      "font_class": "shujutongji",
      "unicode": "e732",
      "unicode_decimal": 59186
    },
    {
      "icon_id": "9364656",
      "name": "详细数据",
      "font_class": "xiangxishuju",
      "unicode": "e733",
      "unicode_decimal": 59187
    },
    {
      "icon_id": "9364657",
      "name": "更多",
      "font_class": "gengduo",
      "unicode": "e734",
      "unicode_decimal": 59188
    },
    {
      "icon_id": "6194276",
      "name": "更多",
      "font_class": "up",
      "unicode": "e617",
      "unicode_decimal": 58903
    },
    {
      "icon_id": "2681908",
      "name": "用户",
      "font_class": "yonghu2",
      "unicode": "e60a",
      "unicode_decimal": 58890
    },
    {
      "icon_id": "8902924",
      "name": "备注",
      "font_class": "zhinengkefu-",
      "unicode": "e616",
      "unicode_decimal": 58902
    },
    {
      "icon_id": "3751425",
      "name": "向上",
      "font_class": "xiangshang1",
      "unicode": "e622",
      "unicode_decimal": 58914
    },
    {
      "icon_id": "9364404",
      "name": "向上",
      "font_class": "xiangxia2",
      "unicode": "ebbd",
      "unicode_decimal": 60349
    },
    {
      "icon_id": "8906620",
      "name": "code_1",
      "font_class": "code_",
      "unicode": "e723",
      "unicode_decimal": 59171
    },
    {
      "icon_id": "8906621",
      "name": "code_2",
      "font_class": "code_1",
      "unicode": "e724",
      "unicode_decimal": 59172
    },
    {
      "icon_id": "8906622",
      "name": "phone_1",
      "font_class": "phone_",
      "unicode": "e725",
      "unicode_decimal": 59173
    },
    {
      "icon_id": "3844134",
      "name": "下拉",
      "font_class": "xiala",
      "unicode": "e67f",
      "unicode_decimal": 59007
    },
    {
      "icon_id": "4603167",
      "name": "设置",
      "font_class": "shezhi",
      "unicode": "e619",
      "unicode_decimal": 58905
    },
    {
      "icon_id": "7311029",
      "name": "编辑",
      "font_class": "bianji1",
      "unicode": "e614",
      "unicode_decimal": 58900
    },
    {
      "icon_id": "8037761",
      "name": "收 藏",
      "font_class": "shoucang1",
      "unicode": "e714",
      "unicode_decimal": 59156
    },
    {
      "icon_id": "5301920",
      "name": "加载",
      "font_class": "jiazai",
      "unicode": "e62c",
      "unicode_decimal": 58924
    },
    {
      "icon_id": "1850915",
      "name": "订单",
      "font_class": "2",
      "unicode": "e684",
      "unicode_decimal": 59012
    },
    {
      "icon_id": "2664568",
      "name": "团队",
      "font_class": "tuandui",
      "unicode": "e685",
      "unicode_decimal": 59013
    },
    {
      "icon_id": "2980623",
      "name": "金币",
      "font_class": "jinbi1",
      "unicode": "e655",
      "unicode_decimal": 58965
    },
    {
      "icon_id": "7540338",
      "name": "关  闭",
      "font_class": "guanbi3",
      "unicode": "e6c5",
      "unicode_decimal": 59077
    },
    {
      "icon_id": "2360857",
      "name": "问题",
      "font_class": "wenti",
      "unicode": "e758",
      "unicode_decimal": 59224
    },
    {
      "icon_id": "1727379",
      "name": "33资源-线性",
      "font_class": "ziyuan-xianxing",
      "unicode": "e8a4",
      "unicode_decimal": 59556
    },
    {
      "icon_id": "6825609",
      "name": "用户",
      "font_class": "yonghu1",
      "unicode": "e644",
      "unicode_decimal": 58948
    },
    {
      "icon_id": "4133807",
      "name": "订单",
      "font_class": "dingdan",
      "unicode": "e61e",
      "unicode_decimal": 58910
    },
    {
      "icon_id": "6970586",
      "name": "锁子",
      "font_class": "suozi",
      "unicode": "e631",
      "unicode_decimal": 58929
    },
    {
      "icon_id": "5860911",
      "name": "权限管理锁子",
      "font_class": "quanxianguanlisuozi",
      "unicode": "e6d2",
      "unicode_decimal": 59090
    },
    {
      "icon_id": "7563801",
      "name": "菱形",
      "font_class": "lingxing",
      "unicode": "e6ff",
      "unicode_decimal": 59135
    },
    {
      "icon_id": "1534823",
      "name": "秒杀",
      "font_class": "miaosha",
      "unicode": "e6c3",
      "unicode_decimal": 59075
    },
    {
      "icon_id": "2762285",
      "name": "拼团",
      "font_class": "hebingxingzhuang",
      "unicode": "e656",
      "unicode_decimal": 58966
    },
    {
      "icon_id": "6582604",
      "name": "砍价",
      "font_class": "kanjia1",
      "unicode": "e613",
      "unicode_decimal": 58899
    },
    {
      "icon_id": "2540845",
      "name": "钱袋 (1) (3)",
      "font_class": "qiandai",
      "unicode": "e6b1",
      "unicode_decimal": 59057
    },
    {
      "icon_id": "3232659",
      "name": "统计 (1)",
      "font_class": "tongji",
      "unicode": "e687",
      "unicode_decimal": 59015
    },
    {
      "icon_id": "3402041",
      "name": "二维码",
      "font_class": "erweima",
      "unicode": "e607",
      "unicode_decimal": 58887
    },
    {
      "icon_id": "872548",
      "name": "支付宝",
      "font_class": "icon34",
      "unicode": "e62b",
      "unicode_decimal": 58923
    },
    {
      "icon_id": "3968583",
      "name": "银行卡",
      "font_class": "yinhangqia",
      "unicode": "e72c",
      "unicode_decimal": 59180
    },
    {
      "icon_id": "7563430",
      "name": "已退款",
      "font_class": "yituikuan",
      "unicode": "e6fd",
      "unicode_decimal": 59133
    },
    {
      "icon_id": "7563431",
      "name": "退款中",
      "font_class": "tuikuanzhong",
      "unicode": "e6fe",
      "unicode_decimal": 59134
    },
    {
      "icon_id": "1780995",
      "name": "搜索",
      "font_class": "sousuo2",
      "unicode": "e757",
      "unicode_decimal": 59223
    },
    {
      "icon_id": "3355930",
      "name": "菜单",
      "font_class": "caidan",
      "unicode": "e62a",
      "unicode_decimal": 58922
    },
    {
      "icon_id": "1207404",
      "name": "拍照",
      "font_class": "icon25201",
      "unicode": "e70d",
      "unicode_decimal": 59149
    },
    {
      "icon_id": "7563348",
      "name": "实体星",
      "font_class": "shitixing",
      "unicode": "e6fb",
      "unicode_decimal": 59131
    },
    {
      "icon_id": "7563349",
      "name": "空心星",
      "font_class": "kongxinxing",
      "unicode": "e6fc",
      "unicode_decimal": 59132
    },
    {
      "icon_id": "7563099",
      "name": "拼团成功",
      "font_class": "pintuanchenggong",
      "unicode": "e6f9",
      "unicode_decimal": 59129
    },
    {
      "icon_id": "7563100",
      "name": "拼团失败",
      "font_class": "pintuanshibai",
      "unicode": "e6fa",
      "unicode_decimal": 59130
    },
    {
      "icon_id": "5452215",
      "name": "喇叭",
      "font_class": "laba",
      "unicode": "e612",
      "unicode_decimal": 58898
    },
    {
      "icon_id": "464461",
      "name": "笑脸",
      "font_class": "xiaolian",
      "unicode": "e60f",
      "unicode_decimal": 58895
    },
    {
      "icon_id": "7193264",
      "name": "砍价",
      "font_class": "kanjia",
      "unicode": "e69b",
      "unicode_decimal": 59035
    },
    {
      "icon_id": "3790017",
      "name": "说明",
      "font_class": "shuoming",
      "unicode": "e630",
      "unicode_decimal": 58928
    },
    {
      "icon_id": "7562923",
      "name": "明细",
      "font_class": "mingxi",
      "unicode": "e6f7",
      "unicode_decimal": 59127
    },
    {
      "icon_id": "7562924",
      "name": "提升分值",
      "font_class": "tishengfenzhi",
      "unicode": "e6f8",
      "unicode_decimal": 59128
    },
    {
      "icon_id": "3034678",
      "name": "关闭",
      "font_class": "guanbi2",
      "unicode": "e61c",
      "unicode_decimal": 58908
    },
    {
      "icon_id": "689324",
      "name": "圆点小",
      "font_class": "yuandianxiao",
      "unicode": "e82f",
      "unicode_decimal": 59439
    },
    {
      "icon_id": "1090230",
      "name": "点选",
      "font_class": "webicon318",
      "unicode": "e6c2",
      "unicode_decimal": 59074
    },
    {
      "icon_id": "5174616",
      "name": "添加地址",
      "font_class": "tianjiadizhi",
      "unicode": "e640",
      "unicode_decimal": 58944
    },
    {
      "icon_id": "7474826",
      "name": "删 除",
      "font_class": "shanchu",
      "unicode": "e628",
      "unicode_decimal": 58920
    },
    {
      "icon_id": "5236609",
      "name": "微信",
      "font_class": "weixin2",
      "unicode": "e604",
      "unicode_decimal": 58884
    },
    {
      "icon_id": "7561200",
      "name": "￥",
      "font_class": "icon-test",
      "unicode": "e6f6",
      "unicode_decimal": 59126
    },
    {
      "icon_id": "7560838",
      "name": "关 闭",
      "font_class": "guanbi1",
      "unicode": "e6f5",
      "unicode_decimal": 59125
    },
    {
      "icon_id": "3416446",
      "name": "收 藏",
      "font_class": "shoucang",
      "unicode": "e606",
      "unicode_decimal": 58886
    },
    {
      "icon_id": "6265459",
      "name": "客服",
      "font_class": "kefu",
      "unicode": "e6b2",
      "unicode_decimal": 59058
    },
    {
      "icon_id": "7560557",
      "name": "边框001",
      "font_class": "biankuang",
      "unicode": "e6f4",
      "unicode_decimal": 59124
    },
    {
      "icon_id": "7559551",
      "name": "装饰线",
      "font_class": "zhuangshixian",
      "unicode": "e6f1",
      "unicode_decimal": 59121
    },
    {
      "icon_id": "7559552",
      "name": "技术支持",
      "font_class": "jishuzhichi",
      "unicode": "e6f3",
      "unicode_decimal": 59123
    },
    {
      "icon_id": "7559350",
      "name": "选中001",
      "font_class": "xuanzhong1",
      "unicode": "e6ef",
      "unicode_decimal": 59119
    },
    {
      "icon_id": "7559357",
      "name": "未选中001",
      "font_class": "weixuanzhong",
      "unicode": "e6f0",
      "unicode_decimal": 59120
    },
    {
      "icon_id": "7560940",
      "name": "向右",
      "font_class": "xiangshang",
      "unicode": "ebbb",
      "unicode_decimal": 60347
    },
    {
      "icon_id": "7467481",
      "name": "向右",
      "font_class": "xiangxia",
      "unicode": "e8ca",
      "unicode_decimal": 59594
    },
    {
      "icon_id": "1518998",
      "name": "促销管理",
      "font_class": "cuxiaoguanli",
      "unicode": "e60e",
      "unicode_decimal": 58894
    },
    {
      "icon_id": "6636378",
      "name": "删 除",
      "font_class": "shanchu1",
      "unicode": "e611",
      "unicode_decimal": 58897
    },
    {
      "icon_id": "1727266",
      "name": "05采购-线性",
      "font_class": "caigou-xianxing",
      "unicode": "e887",
      "unicode_decimal": 59527
    },
    {
      "icon_id": "1727267",
      "name": "05采购",
      "font_class": "caigou",
      "unicode": "e888",
      "unicode_decimal": 59528
    },
    {
      "icon_id": "1727371",
      "name": "30应用程序-线性",
      "font_class": "yingyongchengxu-xianxing",
      "unicode": "e8a1",
      "unicode_decimal": 59553
    },
    {
      "icon_id": "1727372",
      "name": "30应用程序",
      "font_class": "yingyongchengxu",
      "unicode": "e8a2",
      "unicode_decimal": 59554
    },
    {
      "icon_id": "1727423",
      "name": "204首页",
      "font_class": "shouye",
      "unicode": "e8b9",
      "unicode_decimal": 59577
    },
    {
      "icon_id": "1727424",
      "name": "204首页-线性",
      "font_class": "shouye-xianxing",
      "unicode": "e8ba",
      "unicode_decimal": 59578
    },
    {
      "icon_id": "1727458",
      "name": "224用户-线性",
      "font_class": "yonghu-xianxing",
      "unicode": "e8c8",
      "unicode_decimal": 59592
    },
    {
      "icon_id": "1727459",
      "name": "224用户",
      "font_class": "yonghu",
      "unicode": "e8c9",
      "unicode_decimal": 59593
    },
    {
      "icon_id": "3054938",
      "name": "搜索",
      "font_class": "sousuo",
      "unicode": "e67d",
      "unicode_decimal": 59005
    },
    {
      "icon_id": "4018497",
      "name": "搜索01",
      "font_class": "sousuo1",
      "unicode": "e64c",
      "unicode_decimal": 58956
    },
    {
      "icon_id": "5387815",
      "name": "客服_o",
      "font_class": "kefu_o",
      "unicode": "eb63",
      "unicode_decimal": 60259
    },
    {
      "icon_id": "5387821",
      "name": "礼物_o",
      "font_class": "liwu_o",
      "unicode": "eb65",
      "unicode_decimal": 60261
    },
    {
      "icon_id": "5387958",
      "name": "货币流_o",
      "font_class": "huobiliu_o",
      "unicode": "eb9f",
      "unicode_decimal": 60319
    },
    {
      "icon_id": "5387967",
      "name": "金币_o",
      "font_class": "jinbi_o",
      "unicode": "eba1",
      "unicode_decimal": 60321
    },
    {
      "icon_id": "5387990",
      "name": "个人头像_o",
      "font_class": "gerentouxiang_o",
      "unicode": "ebac",
      "unicode_decimal": 60332
    },
    {
      "icon_id": "5387992",
      "name": "群组_o",
      "font_class": "qunzu_o",
      "unicode": "ebad",
      "unicode_decimal": 60333
    },
    {
      "icon_id": "5387995",
      "name": "收藏_o",
      "font_class": "shoucang_o",
      "unicode": "ebae",
      "unicode_decimal": 60334
    },
    {
      "icon_id": "5388026",
      "name": "地点定位_o",
      "font_class": "didiandingwei_o",
      "unicode": "ebba",
      "unicode_decimal": 60346
    },
    {
      "icon_id": "2551763",
      "name": "向右",
      "font_class": "xiangyou",
      "unicode": "e679",
      "unicode_decimal": 59001
    },
    {
      "icon_id": "160836",
      "name": "精品推荐",
      "font_class": "jingpintuijian",
      "unicode": "e60d",
      "unicode_decimal": 58893
    },
    {
      "icon_id": "2121745",
      "name": "新品",
      "font_class": "xinpin",
      "unicode": "e610",
      "unicode_decimal": 58896
    },
    {
      "icon_id": "2562049",
      "name": "热门",
      "font_class": "remen",
      "unicode": "e67c",
      "unicode_decimal": 59004
    },
    {
      "icon_id": "7583837",
      "name": "向右",
      "font_class": "xiangzuo",
      "unicode": "ebbc",
      "unicode_decimal": 60348
    },
    {
      "icon_id": "1727598",
      "name": "411地图",
      "font_class": "ditu",
      "unicode": "e906",
      "unicode_decimal": 59654
    },
    {
      "icon_id": "3584611",
      "name": "关 闭",
      "font_class": "guanbi",
      "unicode": "e62f",
      "unicode_decimal": 58927
    },
    {
      "icon_id": "2808105",
      "name": "浏览",
      "font_class": "liulan",
      "unicode": "e629",
      "unicode_decimal": 58921
    },
    {
      "icon_id": "6450775",
      "name": "审核中",
      "font_class": "shenhezhong",
      "unicode": "e6ce",
      "unicode_decimal": 59086
    },
    {
      "icon_id": "4432686",
      "name": "充值",
      "font_class": "chongzhi",
      "unicode": "e602",
      "unicode_decimal": 58882
    },
    {
      "icon_id": "1141383",
      "name": "关闭",
      "font_class": "iconfontguanbi",
      "unicode": "e643",
      "unicode_decimal": 58947
    },
    {
      "icon_id": "5441298",
      "name": "折扣",
      "font_class": "zhekou",
      "unicode": "e790",
      "unicode_decimal": 59280
    },
    {
      "icon_id": "4943660",
      "name": "对号",
      "font_class": "duihao2",
      "unicode": "e601",
      "unicode_decimal": 58881
    },
    {
      "icon_id": "4018775",
      "name": "对号01",
      "font_class": "duihao",
      "unicode": "e64e",
      "unicode_decimal": 58958
    },
    {
      "icon_id": "6155492",
      "name": "经验值",
      "font_class": "jingyanzhi",
      "unicode": "e62e",
      "unicode_decimal": 58926
    },
    {
      "icon_id": "1983323",
      "name": "物流",
      "font_class": "wuliu",
      "unicode": "e6f2",
      "unicode_decimal": 59122
    },
    {
      "icon_id": "10717369",
      "name": "拼团",
      "font_class": "pintuan-copy",
      "unicode": "ebbf",
      "unicode_decimal": 60351
    },
    {
      "icon_id": "2182776",
      "name": "箭头",
      "font_class": "arrow",
      "unicode": "e627",
      "unicode_decimal": 58919
    },
    {
      "icon_id": "7246995",
      "name": "拼团",
      "font_class": "pintuan",
      "unicode": "e60c",
      "unicode_decimal": 58892
    },
    {
      "icon_id": "7341104",
      "name": "优惠券",
      "font_class": "youhuiquan",
      "unicode": "e6e4",
      "unicode_decimal": 59108
    },
    {
      "icon_id": "2762614",
      "name": "购物车",
      "font_class": "gouwuche1",
      "unicode": "e642",
      "unicode_decimal": 58946
    },
    {
      "icon_id": "3845489",
      "name": "排列2",
      "font_class": "pailie",
      "unicode": "e61b",
      "unicode_decimal": 58907
    },
    {
      "icon_id": "4182111",
      "name": "图片排列",
      "font_class": "tupianpailie",
      "unicode": "e620",
      "unicode_decimal": 58912
    },
    {
      "icon_id": "720963",
      "name": "搜索",
      "font_class": "xiazai5",
      "unicode": "e605",
      "unicode_decimal": 58885
    },
    {
      "icon_id": "5110066",
      "name": "微信",
      "font_class": "weixin1",
      "unicode": "e66e",
      "unicode_decimal": 58990
    },
    {
      "icon_id": "5258701",
      "name": "购物车",
      "font_class": "gouwuche",
      "unicode": "e669",
      "unicode_decimal": 58985
    },
    {
      "icon_id": "7133397",
      "name": "图标_设备列表轮播图右键头",
      "font_class": "jiantou",
      "unicode": "e641",
      "unicode_decimal": 58945
    },
    {
      "icon_id": "1671897",
      "name": "会员",
      "font_class": "huiyuan",
      "unicode": "e60b",
      "unicode_decimal": 58891
    },
    {
      "icon_id": "2051400",
      "name": "选中",
      "font_class": "xuanzhong",
      "unicode": "e615",
      "unicode_decimal": 58901
    },
    {
      "icon_id": "5087448",
      "name": "选中",
      "font_class": "complete",
      "unicode": "e646",
      "unicode_decimal": 58950
    },
    {
      "icon_id": "6091393",
      "name": "下  拉",
      "font_class": "xiala1",
      "unicode": "e609",
      "unicode_decimal": 58889
    },
    {
      "icon_id": "1852350",
      "name": "地址",
      "font_class": "dizhi",
      "unicode": "e608",
      "unicode_decimal": 58888
    },
    {
      "icon_id": "3131690",
      "name": "微信",
      "font_class": "weixin",
      "unicode": "e600",
      "unicode_decimal": 58880
    },
    {
      "icon_id": "3931371",
      "name": "分享",
      "font_class": "fenxiang",
      "unicode": "e603",
      "unicode_decimal": 58883
    },
    {
      "icon_id": "2351436",
      "name": "编辑",
      "font_class": "bianji",
      "unicode": "e6cc",
      "unicode_decimal": 59084
    },
    {
      "icon_id": "1857286",
      "name": "皇冠2",
      "font_class": "huangguan",
      "unicode": "e624",
      "unicode_decimal": 58916
    },
    {
      "icon_id": "1857287",
      "name": "皇冠3",
      "font_class": "huangguan1",
      "unicode": "e625",
      "unicode_decimal": 58917
    },
    {
      "icon_id": "1857288",
      "name": "皇冠",
      "font_class": "huangguan2",
      "unicode": "e626",
      "unicode_decimal": 58918
    }
  ]
}
